{"mse": 1.6650125790393064, "rmse": 1.2903536643259113, "r2": 0.993378747800452}